Gene	A_Ctrl_1	A_Ctrl_2	A_Ctrl_3	A_Ctrl_4	A_Ctrl_5	A_Ctrl_6	B_AF_1	B_AF_2	B_AF_3	B_AF_4	B_AF_5	B_AF_6
clualt3p74599:LVRN	0.81	0.78	0.88	0.62	0.89	0.84	0.90	1.00	1.00	0.89	1.00	0.93
clualt3p64838:ADPRH	0.56	0.30	0.28	0.40	0.51	0.46	0.43	0.83	0.57	0.62	0.67	0.73
clualt3p66297:RP11-674E16.5	0.33	0.00	0.17	0.24	0.33	0.50	0.00	0.00	0.00	0.00	0.18	0
clualt5p72437:ATG10	0.58	0.45	0.38	0.33	0.58	0.63	0.43	0	0.14	0.20	0.12	0.35
clualt5p67924:CNOT6L	0.30	0.30	0.24	0.22	0.32	0.08	0.12	0.27	0.00	0.00	0.00	0.15
clualt5p65493:XXYLT1	0.07	0.00	0.15	0.00	0.25	0.20	0.47	0.15	0.50	0.00	0.45	0.41
clualt3p66632:MECOM	0.64	0.50	0.65	0.92	0.45	0.58	0.28	0.62	0.32	0.31	0.43	0.56
clualt3p23313:RP4-534D1.6	0.00	0.03	0.00	0.00	0.00	0.12	0.20	1.00	0.12	0	0.60	0.55
clualt5p30236:RP5-837J1.3	0.12	0.14	0.06	0.15	0.06	0.17	0.62	0.34	0.15	0.61	0.42	0.18
clualt3p103742:RET	0.90	0.58	0	1.00	0.80	0.80	1.00	0	1.00	0.99	1.00	0.92
clualt3p86823:FAM185A	0.87	1.00	0.93	0.85	0.50	0.70	0	0.33	0.70	0.38	0.25	0.83
clualt5p93066:TRMO	0.61	0.26	0.59	0.36	0.22	0.50	0.68	0.61	0.66	0.65	0.54	0.80
clualt5p47447:RIF1	0.85	0.84	0.81	0.96	0.84	0.92	0.56	0.67	0.83	0.76	0.71	0.50
clualt3p50693:--	0.86	1.00	0.60	0.00	0.14	0.00	0.00	0.00	0.00	0.00	0.00	0.00
clualt5p79028:TBX18	0.15	0.33	0.40	0.06	0.17	0.02	0.00	0.00	0.00	0.00	0.01	0.00
clualt5p5640:RCAN3	1.00	1.00	0	1.00	0.88	1.00	0.67	0.67	1.00	0	0.73	0.80
clualt3p257:IMMP1L	0.50	0.23	0.40	0.51	0.35	0.31	0.14	0.15	0.42	0.09	0.32	0.08
clualt5p31349:GJC1	0.67	0.94	0.66	0.59	0.71	0.57	0.90	0.95	0.95	0.83	0.94	0.72
clualt5p26997:WWOX	0.09	0.00	0.05	0.17	0.00	0.00	0.24	0.38	0.39	0.50	0.36	0.39
clualt3p3680:STARD10	1.00	1.00	0.96	1.00	1.00	1.00	0.67	0.62	0.83	0.72	0.90	0.91
clualt3p23184:ANPEP	0.50	0.35	0.21	0.40	0.21	0.00	0.00	0.00	0.00	0.00	0.00	0.00
clualt5p104361:PTPRE	0.43	0.53	0.40	0.50	0.40	0	0.50	0.86	0.82	0	0.58	0.78
clualt3p13193:N4BP2L2	0.75	0.68	0.75	0.80	1.00	0.80	0.37	0.33	0.55	0.12	0.64	0.88
clualt5p76797:DDR1	0.59	0.66	0.74	0.61	0.59	0.46	0.45	0.43	0.55	0.32	0.45	0.52
clualt5p44769:USP34-DT	0.70	0.86	0	0.60	0.44	0.67	1.00	0	1.00	0.94	0.78	0.77
clualt3p48366:SLC20A1	0.50	0.25	0.41	0.11	0.54	0.57	0.13	0.30	0.30	0.08	0.00	0.00
clualt5p4976:IFT46	0.58	0.40	0.62	0.40	0.40	0.56	0.27	0.29	0.28	0.21	0.35	0.47
clualt5p31888:MBTD1	0.82	0.86	0.80	0.80	0.81	1.00	0.58	0.54	0.47	0.67	0.60	0.95
clualt3p523:TTC17	0.60	0.52	0.49	0.50	0.60	0.60	0.46	0.45	0.51	0.18	0.22	0.49
clualt5p69819:GASK1B	0.60	0.87	0.84	0.72	0.59	0.55	0.52	0.58	0.57	0.48	0.31	0.69
clualt3p96811:SCAI	0.36	0.27	0.38	0.56	0.56	0.38	0.29	0.29	0.00	0.30	0.11	0.25
clualt5p101749:CDH23	0.22	0.62	0.14	0.20	0.40	0.29	0.00	0.20	0.25	0.00	0.05	0
clualt5p66597:LYAR	0.50	0.17	0.29	0.20	0.33	0.11	0.00	0.00	0.04	0.00	0.12	0.08
clualt3p43149:ZNF880	0.18	0.27	0.60	0.44	0.33	0.19	0.15	0.00	0.12	0.29	0.00	0.00
clualt5p89386:NTAQ1	0.22	0.50	0.17	0.27	0.46	0.17	0.00	0.00	0.00	0.00	0	0.22
clualt5p53911:RTEL1-TNFRSF6B	0.37	0.27	0.41	0.26	0.31	0.38	0.45	0.45	0.48	0.33	0.94	0.64
clualt3p98796:RGN	0.04	0.09	0.08	0.00	0.10	0.00	0.00	0	0.25	0.28	0.38	0.11
clualt5p25571:ZNF423	0.41	0.46	0.56	0.49	0.39	0.38	0.14	0.14	0.19	0.37	0.30	0.38
clualt5p87290:HMBOX1	0.66	0.55	0.46	0.67	0.51	0.64	0.50	0.50	0.42	0.36	0.31	0.34
clualt5p43663:LCLAT1	0.08	0.00	0.21	0.00	0.08	0.08	0.17	0.20	0.17	0.29	0.29	0.30
clualt5p82005:PDE1C	0.36	0	0.46	0.50	0.50	0.43	0.14	0	0.00	0.00	0.00	0.23
clualt3p49679:GPR155	0.85	0.67	0	0.74	0.89	0.55	0.88	1.00	1.00	0	1.00	0.85
clualt3p71897:SORBS2	0.07	0.32	0.19	0.21	0.21	0.06	0.26	0.64	0.31	0.27	0.47	0.20
clualt3p37432:LINC01002	1.00	0.83	0.70	0.67	0.50	0.71	1.00	0.82	0	1.00	1.00	1.00
clualt3p64232:ABI3BP	0.94	0.98	0.97	0.94	1.00	0.81	0.75	0.85	0.64	0.69	0.72	0.79
clualt5p96068:KDM6A	0.95	0.71	0.56	0.76	1.00	0.91	0.75	0.75	0.29	0.60	0.55	0.52
clualt3p62898:HYAL3	1.00	0.74	1.00	0.62	0	0.91	0.45	0.83	0.62	0.48	0.40	0.53
clualt3p19277:PPP1R13B	0.94	0.92	0.91	0.90	0.98	0.95	0.68	0	0.61	0.75	0.85	1.00
clualt5p88015:PDE7A	0.00	0.00	0.00	0.00	0.10	0.22	0.43	0.00	0.36	0.72	0.36	0.26
clualt5p83635:CACNA2D1	0.00	0.00	0.00	0.02	0.09	0.13	0.17	0.62	0.18	0.39	0.32	0.41
clualt5p22572:PEX11A	0.07	0.51	0.63	0.44	0.28	0.16	0.00	0.26	0.00	0.00	0.10	0.00
clualt5p29377:MYSM1	0.60	0.09	0.36	0.29	0.52	0.27	0.00	0.36	0.24	0.13	0.00	0.00
clualt3p50007:TFPI	0.67	0.40	0.31	0.46	0.66	0.46	0.29	0.32	0.38	0.33	0.39	0.25
clualt5p7178:KIF21A	0	0.62	0.44	0.36	0.55	0.48	0.68	0.62	0.80	0.82	0.76	0.45
clualt5p630:SLC35C1	0.85	0.62	0.87	0.54	0.61	0.75	1.00	0.88	0.86	1.00	0.90	0.74
clualt5p87292:HMBOX1	0.86	0.61	0.87	0.94	0.86	0.80	0.75	0.80	0.59	0.40	0.67	0.43
clualt5p90570:--	0	1.00	0.40	0.64	0.50	0.43	0.36	0.00	0.00	0	0.00	0.08
clualt5p16805:PCNX4	0.18	0.39	0.18	0.08	0.14	0.49	0.36	0.68	0.36	0.62	0.33	0.42
clualt3p4373:CDC42	0.11	0.25	0.12	0.00	0.38	0.24	0.04	0.00	0.00	0.00	0.00	0.00
clualt3p100217:SEPTIN6	0	1.00	0.82	0.87	0.74	0.75	1.00	1.00	0	1.00	1.00	0.94
clualt5p19452:RP11-206L10.2	0.53	0.53	0.56	0.48	0.43	0.66	0.53	0.38	0.32	0.14	0.17	0.38
clualt5p29125:GAS7	0.63	0.72	0.35	0.81	0.50	0.82	1.00	0.59	0.85	0.94	0.97	0.96
clucontain26030:CC2D1A	0.92	0.71	0.64	0.75	0.93	0.92	1.00	1.00	0	0.94	0.91	0.96
clualt5p3197:CHKA	0.31	0.56	0.53	0.67	0.47	0.20	0.18	0.19	0.00	0.26	0.29	0.28
clualt5p31566:TBKBP1	0.27	0.26	0.30	0.34	0.49	0.43	0.38	0.15	0.00	0.00	0.20	0.27
clualt3p96562:GGTA1	0.45	0.17	0.23	0.89	0.38	0.52	0.00	0.33	0.00	0.00	0.00	0.22
clualt5p58593:IQSEC1	0.19	0.23	0.66	0.10	0.13	0.33	0.02	0.04	0.00	0.07	0.03	0.03
clualt3p47047:SEMA4F	0.79	0.57	0.90	0.57	0.77	1.00	1.00	1.00	1.00	1.00	0.87	0.93
clualt5p102118:DNAJC16	0.46	0.63	0.86	0.62	0.67	0.76	0.82	1.00	0.92	0.95	0.62	0.91
clualt5p53726:SS18L1	0.15	0.25	0.06	0.29	0.15	0.25	0.41	0.33	0.50	0.52	0.42	0.32
clualt5p2212:RP11-783K16.16	0.41	0.22	0.69	0.47	0.67	0.41	0.17	0.18	0.38	0.27	0.26	0.33
clualt5p22309:WDR73	0.09	0.00	0.00	0.04	0.17	0.08	0.33	0.33	0.11	0.17	0.39	0.31
clualt3p75863:CARMN	0.29	0.32	0.35	0.37	0.32	0.17	0.08	0.18	0.17	0.12	0.27	0.07
clualt5p66421:IFI16	0.18	0.08	0.00	0.41	0.00	0.18	0.40	0.10	0.65	0	0.56	0.79
clualt5p3630:PAAF1	0.59	0.46	0.54	0.45	0.53	0.57	0.07	0.50	0.25	0.34	0.54	0.18
clualt3p76621:SFXN1	1.00	1.00	0.82	1.00	1.00	0.96	0.64	0.78	0.60	0.79	0.80	1.00
clualt5p64688:MECOM	0.60	0.50	0.62	0.92	0.53	0.64	0.26	0.50	0.29	0.25	0	0.56
clualt3p45976:ACYP2	1.00	1.00	1.00	1.00	0.97	1.00	0.64	0.69	1.00	0	0.73	1.00
clualt5p58245:VGLL4	0.32	0.49	0.54	0.47	0.23	0.45	0.64	0.74	0.66	0.59	0.52	0.46
clualt3p74919:IRF1	0.75	0.85	0.49	0.76	0.61	0.46	0.69	0.90	0.83	0.86	0.93	0.99
clualt5p70183:TENM3	0.67	0.83	0.72	0.87	0.81	0.54	0.59	0.51	0.58	0.59	0.67	0.60
clualt3p52042:CAPN10	0.71	0.57	0.50	0.87	0.62	0.76	1.00	0	1.00	1.00	0.83	0.89
clualt3p10561:NR2C1	0.11	0.20	0.25	0.30	0.31	0.11	0.03	0.05	0.16	0.11	0.00	0.03
clualt3p64229:ABI3BP	0.89	0.98	1.00	0.94	0.88	0.93	0.55	0.88	0.55	0.71	0.81	0.79
clualt5p47255:R3HDM1	0.00	0.32	0.00	0	0.27	0.43	0.09	0.00	0.00	0.00	0.00	0.00
clualt5p53110:PRPF3	0.45	0.54	0.43	0.42	0.35	0.52	0.26	0.33	0.20	0.34	0.29	0.29
clualt3p68491:--	0.82	0.88	0.96	1.00	1.00	0.95	0.78	0.71	0.71	0.60	0.90	0.83
clualt3p60187:EMC3	0.49	0.32	0.38	0.41	0.55	0.40	0.47	0.48	0.60	0.68	0.75	0.52
clualt5p61333:GLYCTK	1.00	0.93	1.00	1.00	0.90	0.87	0.70	0	0.67	0.88	0.89	0.65
clualt3p74028:EDIL3	0.37	0.78	0.64	0.31	0.46	0.00	0.75	0.44	0.67	0.85	1.00	0.82
clualt3p75781:TCERG1	0.11	0.31	0.20	0.22	0.56	0.17	0.04	0.09	0.00	0.00	0.00	0.15
clualt5p85384:CALD1	0.67	0.71	0.70	0.77	0.56	0.71	0.36	0.45	0.51	0.51	0.53	0.69
clualt5p44253:TTC7A	0.54	0.44	0.44	0.28	0.37	0.41	0.70	0.28	0.65	0.74	0.77	0.50
clualt5p60327:LZTFL1	0.72	0.90	0.44	0.42	0.52	0.67	0.73	0.89	0.89	0.85	0.78	0.84
clualt5p37392:KDM4B	0.31	0.33	0.42	0.57	0.19	0.33	0.69	0.71	0.52	0.51	0.52	0.49
clualt5p79933:MED23	0.37	0.00	0.62	0.53	0.22	0.22	0.05	0.08	0.00	0.03	0.24	0.12
clualt3p43231:ZNF468	0.00	0.25	0.08	0.25	0.14	0.17	0.31	0.37	0.54	0.81	0.58	0.43
clualt3p99935:ARMCX5-GPRASP2	0.80	0.70	0.89	0.84	0.96	0.75	0.63	0.83	0.62	0.65	0.60	0.65
clualt3p93254:UHRF2	0.45	0.26	0.24	0.33	0.63	0.32	0.09	0.13	0.03	0.12	0.18	0.22
clualt5p514:PAMR1	0.21	0.31	0.32	0	0.38	0.50	0.00	0.30	0	0.19	0.20	0.18
clualt3p6384:CD27-AS1	0.65	0.44	0.56	0.93	0	1.00	1.00	0.88	1.00	1.00	1.00	0.89
clualt5p83430:NFASC	0	0.69	0.84	1.00	0.65	0.67	0.54	0	0.62	0.39	0.67	0.35
clualt5p35736:POLI	0.80	0.55	0.71	0.74	0	0.63	0.73	0.95	1.00	0.91	0	0.85
clualt5p88463:MIA3	0.30	0.25	0.24	0.32	0.28	0.40	0.06	0.20	0.15	0.06	0.18	0.19
clualt3p84571:CCM2	0.15	0.17	0.75	0.33	0.35	0.58	0.66	0.73	0.83	0.59	0.67	0.64
clualt5p55596:XXbac-B562F10.12	0.96	1.00	0.94	1.00	0.96	1.00	0.67	1.00	1.00	0.83	0.71	0.73
clualt3p43970:LLNLR-245B6.1	0.61	0.84	0.60	0.59	0.45	0.86	0	0.83	0.95	0.78	0.83	0.85
clualt5p102831:SORBS1	0.42	0.22	0.29	0.59	0.53	0.13	0.20	0.32	0.07	0.17	0.12	0.21
clualt3p78772:VARS1	0.00	0.05	0.00	0.06	0.00	0.04	0.11	0.15	0.43	0.10	0.25	0.02
clualt5p27543:CYB5RL	1.00	1.00	1.00	0	1.00	1.00	0.93	0	1.00	0.80	0.60	0.87
clualt5p30488:CWC25	0.47	0.40	0.36	0.32	0.43	0.44	0.27	0.34	0.32	0.29	0.24	0.05
clualt5p94448:SPTAN1	0.53	0.56	0.43	0.53	0.46	0.77	0.31	0.42	0.40	0.35	0.37	0.42
clualt5p29122:GAS7	0.48	0.65	0.46	0.51	0.45	0.62	0.87	0.32	0.90	0.90	0.76	0.81
clualt3p73138:TP73-AS1	0.31	0.20	0.44	0.27	0.33	0.22	0.17	0.10	0.12	0.21	0.16	0.06
clualt3p74582:LVRN	0.15	0.24	0.19	0.18	0.12	0.15	0.45	0.36	0.60	0.27	0.44	0.27
clualt5p21300:SLC24A1	0.00	0.00	0.00	0.00	0.00	0.00	0.00	0	0.32	0.44	0.37	0.00
clualt5p72468:EDIL3	0.43	0.75	0.56	0.31	0.48	0.00	0.75	0.50	0.67	0.80	1.00	0.82
clualt5p41641:ZNF615	0.93	0.91	0.88	0.58	1.00	0.91	0.78	0.67	0.67	0.71	0.44	0.44
clualt5p99325:ZNF731P	0.96	0.68	0.89	1.00	0.79	0.71	1.00	0	1.00	1.00	1.00	1.00
clualt5p48460:GULP1	0.33	0.09	0.35	0.29	0.47	0.23	0.18	0.11	0.08	0.16	0	0.15
clualt3p99210:RRAGB	0.06	0.20	0.00	0.31	0.25	0.45	0.00	0.00	0.00	0.06	0.00	0.00
cluolp60684:LINC00632	0.82	0.84	0.51	0.46	0.95	0.63	0.68	1.00	1.00	1.00	1.00	1.00
clualt5p5849:PARP11	0.13	0.20	0.50	0.24	0.23	0.33	0.71	0.24	0.55	0.58	0.37	0.41
clualt3p98146:LYST	0.23	0.19	0.14	0.23	0.27	0.16	0.04	0.17	0.07	0.00	0.00	0.04
clualt3p43296:ZNF677	0.42	0.33	0.27	0	0.33	0.56	0.00	0.30	0.25	0.18	0.17	0
clualt3p95402:CARD19	0.90	0.85	0.86	0.77	0.78	1.00	0.64	0.57	0.79	0.73	0.64	0.82
clualt3p3334:CHKA	0.00	0.15	0.53	0.23	0.12	0.17	0.05	0.00	0.00	0.13	0.00	0.00
clualt3p45204:SPAST	0.83	0.78	0.86	0.82	1.00	0.76	0.70	0.76	0.50	0.58	0.90	0.62
clualt3p94896:MRPL55	0.07	0.09	0.19	0.10	0.15	0.11	0.29	0.20	0.12	0.34	0.31	0.39
clualt3p83117:RP11-383A19.1	0.11	0	0.08	0.13	0.08	0.15	0.42	0.47	0.21	0.43	0.11	0.26
clualt3p79592:SRPK1	0	0.83	0.50	0.50	0.55	0.75	0.89	0.69	0.78	1.00	1.00	1.00
clualt3p106048:PPRC1	0.66	0.84	0.92	0.64	0.66	0.97	0.88	0.83	0.91	1.00	1.00	1.00
clualt5p6364:RP11-705C15.2	0.00	0.14	0.20	0.00	0.14	0.09	0	0.50	0.38	0.38	0.14	0.19
clualt3p39627:CC2D1A	0.73	0.70	0.66	0.57	0.89	0.88	0	1.00	0.75	0.94	0.91	0.92
clualt5p47588:BAZ2B	0	1.00	1.00	1.00	1.00	1.00	0.78	0.67	1.00	0.91	0.85	0
clualt3p105305:PANK1	0.33	0.00	0.07	0.20	0.38	0.00	0.00	0.00	0.00	0.06	0.00	0.00
clualt3p32110:RAMP2-AS1	0.00	0.19	0.09	0.09	0.16	0.12	0.38	0.50	0.30	0.26	0.54	0.46
clucontain2924:ROBO3	0.92	0.77	0.97	0.91	1.00	0.73	0.67	0.47	0.62	0.50	0.85	0.94
clualt5p6052:RP5-940J5.10	0.12	0.04	0.00	0.00	0.00	0.03	0.32	0.64	0.40	0.00	0.22	0.00
clualt5p96747:JPX	0.19	0.33	0.31	0.20	0.22	0.48	0.80	0	0.33	0.78	0.60	0.50
clualt5p81947:GARS1-DT	0.14	0.24	0.25	0.31	0.57	0.37	0.33	0.58	0.58	0.40	0.50	0.52
clualt5p87789:RB1CC1	0.24	0.49	0.43	0.31	0.50	0.44	0.61	0.45	0.66	0.67	0.42	0.57
clualt5p39343:C19orf12	0.39	0.53	0.32	0.28	0.25	0.65	0.91	0.40	0.47	0.85	0.73	0.54
clualt5p80589:SYNE1	0.00	0.13	0.05	0.21	0.06	0.00	0	0.33	0.12	0.33	0.27	0.18
clualt3p53402:FRG1CP	0.35	0.49	0.41	0.53	0.78	0	0.17	0.19	0.00	0.32	0.19	0.21
clualt3p37342:CTDP1	0.42	0.69	0.68	0.69	0.69	0.60	0.89	0.82	0.68	0.78	0.74	0.83
clualt5p77323:AGER	0.89	0.97	1.00	1.00	1.00	0.83	0.44	0.86	0.18	0.80	1.00	0.71
clualt5p41576:JOSD2	0.20	0.22	0.24	0.26	0.43	0.16	0.00	0.00	0.12	0.11	0.18	0.11
clualt5p20450:USP8	0.51	0.64	0.53	0.55	0.58	0.57	0.38	0.39	0.41	0.42	0.11	0.52
clualt3p5628:ROBO3	0.85	0.62	0.95	0.90	1.00	0.75	0.50	0.68	0.68	0.18	0.78	0.78
clualt3p106710:CROCC	0.64	0.81	0.91	0.85	0.93	0.95	1.00	1.00	1.00	1.00	1.00	1.00
clualt3p45648:MTA3	0.68	0.39	0.64	0.88	0.50	0.57	0.41	0.27	0.50	0.41	0.44	0.50
clualt3p7988:PHACTR4	0.88	0.63	0.57	0.61	0.60	0.71	0.38	0.25	0.47	0	0.14	0.75
clualt5p54389:TMEM50B	0.39	0.22	0.27	0.35	0.31	0.00	0.43	0.24	0.42	0.54	0.53	0.48
clualt3p92290:SLC45A4	0.79	0.84	0.71	0.68	0.79	1.00	1.00	0.84	1.00	0	1.00	1.00
clualt3p87921:FMC1-LUC7L2	0.39	0.40	0.33	0.53	0.42	0.38	0.16	0.32	0.14	0.25	0.29	0.28
clualt3p70953:LARP1B	0.55	0.33	0.23	0.33	0.38	0.43	0.51	0.79	0.63	0.64	0	0.58
clualt3p33162:SKA2	0.60	0.71	0.77	0.69	0.67	0.68	0.64	0.56	0.55	0.50	0.45	0.47
clualt3p3955:EMSY	1.00	0.82	0.91	0.93	0.95	0.87	0.80	1.00	0.75	0.70	0.60	0.71
clualt5p4382:CEP57	0.00	0.21	0.28	0.20	0.10	0.14	0.00	0.00	0	0.00	0.00	0.00
clualt3p36856:RELCH	0.26	0.10	0.14	0.33	0.20	0.20	0.00	0.10	0.00	0.00	0.00	0.00
clualt3p98763:DIPK2B	0.38	0.37	0.29	0.49	0.39	0.27	0.57	0.63	0.56	0.61	0.44	0.48
clualt3p38580:ZNF557	0.77	0.91	0.84	1.00	0.56	0.80	0.67	0.80	0.50	0.52	0.62	0.53
clualt3p32031:MIER1	0.24	0.12	0.40	0.43	0.40	0.33	0.04	0.06	0.12	0.06	0.06	0.00
clualt5p83656:SEMA3A	0.95	0.88	0.71	0.71	0.80	0.95	0.79	0.36	0.72	0	0.45	0.50
clualt5p32930:ABCA6	0.24	0.33	0.10	0.35	0.59	0.28	0.11	0.15	0.22	0.10	0.07	0.00
clualt5p73613:BRD8	0.85	0.78	0.69	0.90	0.81	0.59	0.39	0.62	0.50	0.77	0.50	0.59
clualt3p32678:RP11-156P1.3	0.50	0.49	0.51	0.57	0.35	0.53	0.59	0.67	0.78	0.78	0.70	0.41
clualt5p41699:ZNF83	0.08	0.04	0.27	0.10	0.31	0.18	0.47	0.10	0.39	0.53	0.56	0.39
clualt3p85676:NFASC	0	0.60	0.82	1.00	0.62	0.70	0.54	0	0.64	0.46	0.65	0.38
clualt3p18867:LINC01550	1.00	1.00	1.00	1.00	1.00	0.90	0.87	1.00	0.45	0.85	0.71	0.79
clualt3p27491:PRMT7	0.28	0.27	0.28	0.15	0.25	0.27	0.00	0	0.00	0.00	0.00	0.31
clualt5p57724:SCO2	0.67	0.55	0.77	0.30	0.61	0.77	0.65	0.75	1.00	1.00	1.00	0.90
clualt5p95671:TXLNG	0.21	0.14	0.13	0.54	0.46	0.43	0.06	0.06	0.07	0.10	0.04	0.00
clualt5p58019:MTMR14	0.29	0.23	0.44	0.35	0.53	0.75	0.63	0.77	0.86	1.00	0.47	0.48
clualt3p28425:GALNS	0.47	0.64	0.45	0.19	0.45	0.62	0	0.73	0.75	0.58	0.60	0.64
clualt3p104789:DNAJC16	0.66	0.58	0.87	0.65	0.74	0.60	0.77	1.00	0.87	0.95	0.63	0.92
clualt5p32006:TSPOAP1	0.86	0.93	0.76	0.64	0	0.83	1.00	1.00	0	1.00	0.88	0.90
clualt5p54802:PDE9A	0.75	0.44	0.94	0.44	0.68	0.76	0.62	0	1.00	1.00	1.00	1.00
clualt5p67758:ANKRD17	0.92	0.44	1.00	1.00	0.67	0.90	0.41	0.33	0.67	0.67	0.57	0.71
clualt5p41025:PRPF38B	0.28	0.38	0.43	0.53	0.37	0.33	0.11	0.35	0.22	0.18	0.20	0.25
clualt3p62147:PTPN23	0.89	0.91	0.93	0.86	0.68	0.96	0.63	0.58	0.53	0.92	0.72	0.77
clualt3p81841:MED23	0.39	0.00	0.60	0.47	0.15	0.22	0.00	0.08	0.00	0.03	0.24	0.00
clualt5p68903:SGMS2	0.90	0.70	0.90	0.57	0.58	0.89	0.56	0.64	0.69	0.31	0.63	0.52
clualt5p99410:IDI1	0.58	0.64	0.47	0.80	0.58	0.89	0.91	0.94	0.95	0.90	0.86	0.59
clualt3p54485:NCOA3	0.23	0.48	0.43	0.48	0.44	0.42	0.43	0.55	0.46	0.58	0.75	0.66
clualt3p63334:NEK4	0.89	0.58	0.62	0.72	0.71	0.62	0.29	0.50	0.29	0.31	0.55	0.72
clualt3p97106:SPTAN1	0.55	0.58	0.45	0.53	0.46	0.78	0.32	0.45	0.40	0.36	0.38	0.42
clualt3p40905:LSR	0	0.72	0.71	0.62	0.78	0.50	0.17	0.54	0.40	0.33	0.60	0.38
clualt5p44892:VPS54	0.31	0.06	0.29	0.48	0.29	0.04	0.00	0.04	0.17	0.00	0.00	0.00
clualt5p23897:METTL22	0.08	0.44	0.29	0.36	0.22	0.23	0.31	0.10	0.00	0.00	0.00	0.19
clualt5p75272:KIAA1614	0.78	0.92	1.00	0.84	0.85	0.91	0.96	0.67	0.50	0.73	0.70	0.67
clualt3p105180:NUTM2A-AS1	0.31	0.13	0.26	0.29	0.29	0.32	0.21	0.17	0.05	0.12	0.00	0.11
clualt3p21449:ICE2	0.53	0.31	0.39	0.56	0.56	0.39	0.84	0.77	0.67	0.62	0.50	0.54
clualt5p57951:THUMPD3	0.26	0.15	0.38	0.60	0.59	0.41	0.15	0.38	0.00	0.07	0.00	0.39
clualt3p45516:SRSF7	0.39	0.45	0.53	0.65	0.78	0.71	0.47	0.38	0.54	0.38	0.31	0.43
clualt5p69826:TMEM144	0.21	0.00	0.00	0.08	0.00	0.07	0.06	0.30	0.27	0.29	0.18	0.22
clualt5p84213:SLC12A9	0.43	0.64	0.60	0.62	0.69	0.56	0.11	0.38	0	0.43	0.36	0.50
clualt5p19118:WHAMMP3	0.35	0.27	0.50	0.18	0.33	0.25	0.00	0.00	0.00	0.29	0.00	0.24
clualt3p32029:MIER1	0.61	0.67	0.29	0.27	0.45	0.53	0.16	0.06	0.12	0.32	0.23	0.30
clualt5p53824:DIDO1	0.69	0.62	0.60	0.79	0.69	0.73	0.00	0.56	0.44	0.50	0.00	0.67
clualt3p39593:TRMT1	1.00	1.00	0.99	0.90	1.00	1.00	0.66	0.73	0.71	0.92	1.00	0.97
clualt3p43219:ZNF600	0.33	0.11	0.40	0.27	0.52	0.56	0.18	0	0.08	0.25	0.00	0.00
clualt5p20627:PYGO1	0.88	0.93	1.00	1.00	1.00	0.89	0.56	0.47	0.33	1.00	0	0.89
clualt5p81266:TNRC18	0.10	0.14	0.10	0.07	0.20	0.07	0.22	0.42	0.42	0.34	0.24	0.12
clualt5p53826:DIDO1	1.00	1.00	0.56	1.00	1.00	1.00	0.00	0.46	0.71	0.42	0.00	1.00
clualt5p103925:ABLIM1	0.18	0.54	0.41	0.36	0.33	0.34	0.10	0.14	0.14	0.15	0.15	0.36
clualt3p36351:INO80C	0.31	0.00	0.16	0.35	0.34	0.40	0.13	0.12	0.17	0.12	0.00	0.05
clualt3p70390:RAP1GDS1	0.25	0.26	0.40	0.26	0.21	0.24	0.41	0.25	0.51	0.36	0.52	0.53
clualt5p58534:IQSEC1	0.46	0.31	0.48	0.38	0.54	0.33	0.12	0.28	0.28	0.18	0.26	0.23
clualt3p56628:PRUNE1	0.73	0.95	0.89	0.72	1.00	0.56	0.50	0	0.75	0.53	0.50	0.52
clualt5p78144:MED20	0.67	0.67	0.89	0.94	0.47	0.77	1.00	1.00	1.00	1.00	0	0.94
clualt3p36522:EPG5	0.91	0.69	0.65	0.80	0.82	0.88	0.97	0.94	0.80	0.95	1.00	1.00
clualt5p27405:ZNF778	1.00	0.62	1.00	0	1.00	0.91	0.10	0.33	0.38	0.78	0	0.62
clualt5p23979:CLEC16A	0.26	0.24	0.41	0.38	0.29	0.30	0.50	0.81	0.45	0.29	0.53	0.47
clualt5p68718:MANBA	0.00	0.00	0.04	0.19	0.09	0.04	0.33	0.18	0.57	0.03	0.40	0.06
clualt5p70347:SNX25	0.17	0.11	0.00	0.43	0.11	0.22	0.08	0.00	0.06	0.00	0.00	0.00
clualt5p4318:CEP295	0.82	0.83	0.79	0.87	0.91	1.00	0.50	0.00	0.92	0.61	0.50	0.67
clualt3p98000:PNPLA7	0.14	0.09	0.18	0.00	0.00	0.13	0.29	0.33	0.14	0.38	0.36	0.00
clualt5p72124:ANKRA2	0.15	0.33	0.50	0.43	0.15	0.12	0.00	0.22	0.00	0.06	0.00	0.14
clualt5p32102:TUBD1	0.29	0.40	0.00	0	0.25	0.00	0.00	0.00	0.00	0.00	0.00	0.00
clualt5p88749:RUNX1T1	0.47	0.17	0.18	0.32	0.33	0.44	0.91	0	0.57	0.47	0.59	0.35
clualt5p22577:PEX11A	0.46	0.64	0.24	0.23	0.31	0.40	0.55	1.00	0.50	1.00	0.50	0.54
clualt5p4758:TTC12	0.09	0.15	0.18	0.32	0.22	0.39	0.10	0.00	0.00	0.07	0.00	0.16
clualt3p25097:AC138969.4	0.81	0.75	0.67	0.91	0.50	1.00	0.26	0.11	0.00	0.37	0.59	0.93
clualt3p76748:CRYZL2P	0.00	0.15	0.00	0.14	0.27	0.40	0.00	0.00	0.00	0.00	0.00	0.00
clualt5p82867:GS1-124K5.12	1.00	0.78	1.00	0.93	0.71	1.00	0.44	0.44	0	0.50	0.83	0.79
clualt3p105114:RP11-96C23.5	0.45	0.49	0.42	0.85	0.69	0.67	0.00	0	0.25	0.43	0.25	0.39
clualt3p59032:C22orf46	1.00	1.00	1.00	1.00	1.00	1.00	1.00	1.00	0.62	0.56	0.91	0.86
clualt5p32960:ABCA5	0.32	0.31	0.40	0.20	0.06	0.41	0.16	0.12	0.06	0.20	0.00	0.19
clualt5p88836:NDUFAF6	0	0.38	0.42	0.57	0.43	0.43	0.38	0.22	0	0.17	0.29	0.29
clualt5p99265:EFCAB2	0.20	0	0.44	0.33	0.43	0.59	0.79	0.57	0.74	0.56	0	1.00
clualt5p83156:LAT2	1.00	0.85	0.60	0.62	0.38	0.50	0.17	0.70	0.21	0	0.11	0.39
clualt3p103965:MAPK8	0.29	0.24	0.00	0.56	0.36	0.04	0.33	0.57	0.47	0.48	0.43	0.53
clualt5p64092:SLC9A9	0.00	0.07	0.00	0.02	0.00	0.06	0.41	0.09	0.25	0.50	0.41	0.07
clualt3p96629:URB2	0.86	1.00	0	1.00	1.00	1.00	0.83	0.57	0.68	0.85	0.64	0
clualt3p31089:SSH2	0.61	0.62	0.33	0.29	0.48	0.33	0.73	0.67	0.69	0.53	0.56	0.60
clualt3p78766:MSH5-SAPCD1	0.10	0.08	0.17	0.19	0.00	0.17	0.16	0.27	0.62	0.25	0.36	0.18
clualt5p24277:MKNK1	0.10	0.04	0.22	0.13	0.09	0.26	0.13	0.21	0.47	0.26	0.47	0.28
clualt3p95154:NTRK2	0.07	0.15	0.09	0.21	0.15	0.11	0.44	0.38	0.42	0.31	0.38	0.32
clualt5p69719:FBXW7	0.52	0.54	0.59	0.52	0.51	0.59	0.80	0.61	0.55	0.86	0.80	0.75
clualt3p4525:CEP295	0.75	0.87	0.57	0.67	0.86	1.00	0.72	0.00	0	0.42	0.57	0.30
clualt5p48437:TFPI	0.71	0.46	0.35	0.59	0.67	0.42	0.27	0.39	0.52	0.24	0.35	0.39
clualt5p55343:HDHD5	0.19	0.24	0.22	0.07	0.18	0.33	0.56	0.33	0.45	0.33	0.44	0.29
clualt3p27484:SLC7A6OS	0.08	0.24	0.00	0.00	0.06	0.18	0.33	0.36	0.32	0.28	0.29	0.28
clualt3p96375:PHF19	0.82	0.95	0.84	0.81	0.81	0.96	0.62	0	0.76	0.67	0.58	0.68
clualt5p13671:ING1	0.68	0.76	0.71	0.68	0.76	0.75	0.33	0.66	0.71	0.50	0.59	0.49
clualt5p90961:ZDHHC21	0.21	0.29	0.45	0	0.57	0.41	0.29	0.00	0.12	0.00	0.33	0
clualt5p17336:PAPLN	0.78	0.73	0.86	0.58	0.77	0.74	1.00	0	1.00	0.91	1.00	0.89
clualt5p14854:NUBPL	0.12	0.00	0.06	0.05	0.03	0.16	0.23	0.00	0.42	0.28	0.36	0.18
clualt3p108133:ARNTL	0.52	0.54	0.52	0.33	0.78	0	0.62	0.71	0.82	0.85	0.67	0.83
clualt5p61083:RBM6	0.47	0.30	0.35	0.42	0.30	0.37	0.13	0.24	0.14	0.17	0.24	0.38
clualt3p13937:INTS6	0.28	0.22	0.08	0.23	0.30	0.22	0.09	0.07	0.15	0.03	0.00	0.06
clualt5p85556:PARP12	1.00	0.77	1.00	1.00	0.94	0.88	0.69	0.41	0.75	0.43	0.90	1.00
clualt5p65023:YEATS2	0.16	0.38	0.28	0.00	0.18	0.03	0.00	0.00	0.00	0.00	0.00	0.00
clualt5p69585:ZNF827	0.85	1.00	1.00	1.00	0	0.68	0.43	0.67	0.75	0.78	0	0.80
clualt5p82749:ZNF680	0.74	0.78	0.38	0.55	0.60	0.68	0.84	0.67	0.84	0.74	0.83	0.71
clualt3p2939:PCNX3	0.61	0.54	0.71	0.70	0.54	0.68	0.19	0.53	0.56	0.42	0.62	0.46
clualt3p77457:TRIM52	0.55	0.36	0.36	0.38	0.44	0.48	0.17	0	0.15	0.24	0.18	0.00
clualt5p73266:IRF1	0.77	0.86	0.59	0.78	0.70	0.59	0.70	0.93	0.87	0.94	0.96	0.98
clualt3p3800:XRRA1	0.64	0.75	0.70	0.73	0.60	0.44	0.00	0.56	0.67	0.31	0	0.31
clualt5p99101:F8	0.54	0.71	0.30	0.58	0.35	0.33	0.28	0.30	0.26	0.24	0.33	0.40
clualt5p70110:CBR4	0.05	0.17	0.00	0.11	0.00	0.00	0.32	0.27	0.00	0.19	0	0.40
clualt5p82250:URGCP	0.83	0.54	0.88	0.62	0.92	0.82	1.00	1.00	1.00	1.00	1.00	0
clualt5p41175:CARD8	0.47	0.47	0.51	0.48	0.52	0.49	0.25	0.37	0.21	0.37	0.20	0.36
clualt3p43433:LILRB3	0.36	0.11	0.17	0.19	0.19	0.25	0.35	0.29	0.43	0.38	0.50	0.31
clualt5p67549:DCUN1D4	0.21	0.17	0.30	0.31	0.42	0.22	0.05	0.00	0.11	0.03	0.16	0.37
clualt3p59827:SUMF1	0.85	1.00	1.00	0.90	0.90	0.95	0.87	0.78	0.83	0.60	0.55	0.74
clualt5p81978:RP5-877J2.1	0.10	0.09	0.18	0.20	0.00	0.20	0.25	0	0.40	0.08	0.55	0.50
clualt5p39344:C19orf12	0.71	0.81	0.60	0.68	0.58	0.67	0.93	0.77	0.76	0.97	0.95	0.87
clualt5p49359:PIAS3	0.26	0.11	0.46	0.18	0.30	0.29	0.57	0.75	0.52	0.43	0.37	0.19
clualt5p27833:GEMIN4	0.15	0.41	0.17	0.43	0.05	0.06	0.07	0.00	0.00	0.17	0.00	0.00
clualt3p64213:ABI3BP	0.70	0.78	0.79	0.43	0.73	0.69	0.09	0.52	0.12	0.16	0.10	0.11
clualt5p86641:ANGEL2	0.71	0.84	0.82	0.90	0.68	0.78	0.52	0.55	0.46	0.68	0.33	0.63
clualt3p27637:PDPR	0.96	0.88	0.79	0.94	0.88	0.91	0.33	0.53	0.56	0.47	0.71	0.78
clualt5p92877:CARD19	0.89	0.83	0.86	0.78	0.71	1.00	0.60	0.62	0.72	0.59	0.69	0.83
clualt5p32970:MAP2K6	0.00	0.40	0.42	0.08	0.00	0.29	0.45	0.55	0.69	0.63	0.38	0.09
clualt5p44296:STON1-GTF2A1L	0.44	0.43	0.21	0.32	0.58	0.63	0.62	0.44	0.72	0.68	0.53	0.66
clualt3p31573:CDK12	0.76	0.75	0.85	0.94	0.72	0.76	1.00	0.91	1.00	0.93	0.98	0.90
clualt5p83865:SGCE	0.74	0.64	0.67	0.87	0.76	0.78	0.96	0.72	0.90	0.95	1.00	0.84
clualt3p54230:CHD6	0.83	0.83	0.96	0.60	0	0.75	0.89	1.00	1.00	1.00	0	0.88
clualt3p36985:ODF2L	1.00	0.75	0.71	1.00	0.82	0.97	0.84	0.65	0.74	0.60	0.67	0.75
clualt5p75229:TOR1AIP2	0.79	0.69	0.76	0.60	0.70	0.63	0.73	0.60	0.54	0.32	0.58	0.50
clualt5p89884:TOP1MT	0	0.17	0.06	0.55	0.15	0.50	0.07	0.14	0.00	0.00	0.10	0.00
clualt5p97224:ALG13	0.08	0.39	0.30	0.45	0.62	0.38	0.14	0.13	0.24	0.24	0.20	0.07
clualt5p40011:HNRNPL	0.30	0.31	0.29	0.27	0.28	0.38	0.64	0.30	0.77	0.69	0.75	0.23
clualt3p104960:NUTM2B-AS1	0.67	0.44	0.62	0.25	0.57	1.00	1.00	0.83	1.00	0.88	0.71	0
clualt5p82559:UPP1	0.25	0.20	0.31	0.13	0.15	0.18	0.64	0.54	0.35	0.38	0.38	0.33
clualt3p56965:--	0.66	0.52	0.72	0.75	1.00	0.66	1.00	1.00	1.00	0.95	1.00	0.70
clualt3p17330:PCNX4	0.42	0.57	0.43	0.57	0.27	0.52	0.66	0.60	0.76	0.64	0.61	0.51
clualt3p81129:TSTD3	0.61	0.83	0.80	0.75	0.80	0.74	1.00	1.00	1.00	0.83	0.93	0.83
clualt3p34110:NAT9	0.70	0.58	0.50	0.64	0.52	0.76	0.93	0.53	0.74	0.89	1.00	0.85
clualt3p90555:CSPP1	0	0.67	0.92	1.00	0.89	0.69	1.00	1.00	1.00	1.00	1.00	0
clualt3p100405:PABIR2	0.70	0.54	0.77	0.54	0.80	0.78	0.93	0.74	0.86	1.00	0.89	0.67
cluolp25487:--	0.10	0.58	0.43	0.40	0.34	0.54	0.66	0.62	0.51	0.66	0.52	0.48
clualt3p49595:METTL8	0.71	0.61	0.55	0.30	0.50	0.71	0.26	0.40	0.29	0.39	0	0.50
clualt3p53038:PLCB1	0	0.83	0.73	1.00	0.60	0.77	0.45	0.43	0.56	0.62	0.73	0.14
clualt5p2469:NRXN2	1.00	0.73	0.70	0.70	0.44	0	0.55	0.50	0	0.23	0.47	0.55
clualt5p7479:PHACTR4	0.71	0.71	0.80	0.71	0.76	0.67	0.50	0.47	0.67	0.33	0.55	0.74
clualt5p39115:NR2C2AP	0.85	0.67	0.88	0	0.75	1.00	0.50	0.76	0.56	0.50	0.67	0.67
clualt5p69532:GAB1	0.45	0.53	0.52	0.67	0.38	0.44	0.27	0.33	0.24	0.53	0.33	0.38
clualt3p107387:PNPLA2	0.45	0.57	0.60	0.67	0.39	0.62	0.40	0.39	0.45	0.31	0.32	0.44
clualt3p40975:U2AF1L4	0.21	0.76	0.46	0.64	0.42	0.50	0.15	0.42	0.33	0.11	0.30	0.41
clualt5p96942:HDX	0.00	0.00	0.00	0.00	0.00	0.00	0.50	0.43	0.46	0.00	0	0.00
clualt5p13697:ARHGEF7	0.32	0.31	0.46	0.39	0.44	0.27	0.51	0.48	0.48	0.59	0.51	0.58
clualt3p50023:GULP1	1.00	1.00	0.91	1.00	1.00	0.91	0.70	0.90	0.62	0.93	0	0.81
clualt5p48306:CCDC141	0.26	0.50	0.25	0.25	0.14	0.15	0.75	0.62	0	0.57	0.57	0.40
clualt3p47961:AFF3	0.69	0.47	0.72	0.64	0.50	0.44	0.68	0.89	0.62	0.74	0.78	0.67
clualt3p55403:TCFL5	0.75	0.80	0.65	0.60	0.73	0.83	0.97	1.00	0.87	0.78	0.85	1.00
clualt3p91647:BAALC	0.87	0.79	0.86	0.67	0.82	0.72	1.00	0.67	1.00	1.00	1.00	1.00
clualt5p80519:ZBTB2	0.64	0.35	0.13	0.56	0.48	0.43	0.22	0.00	0.15	0.00	0.36	0.05
clualt5p104530:PTDSS2	0.00	0.00	0.00	0.00	0	0.00	0.14	0	0.36	0.07	0.22	0.00
clualt5p79427:DDO	0.71	0.82	0.63	0.57	1.00	0.81	0.54	0	0.50	0.61	0.26	0.47
clualt3p40743:CEP89	0.32	0.38	0.11	0.25	0.45	0.26	0.00	0.07	0.10	0.08	0.10	0.38
clualt3p67605:MUC20-OT1	0.62	0.75	0.64	0.33	0.60	0.59	0.83	0.62	0.95	0	0.71	1.00
clualt3p104826:ZBTB17	1.00	1.00	1.00	1.00	1.00	1.00	0.67	0.76	0	1.00	0.60	1.00
clualt5p48043:DCAF17	0.00	0.00	0.06	0.00	0.00	0.00	0.18	0	0.38	0.14	0.00	0.13
clualt5p89324:ENPP2	0.28	0.50	0.47	0.40	0.35	0.33	0.71	0.60	0.65	0.49	0.41	0.48
clualt3p3958:EMSY	0.08	0.33	0.20	0	0.27	0.08	0.03	0.08	0.00	0.00	0.00	0.00
clualt3p37436:LINC01002	0.18	0.29	0.42	0.33	0	0.44	0.32	0.14	0	0.12	0.20	0.12
clualt5p55350:CECR2	0.67	0.95	0.77	0.68	0.92	0.73	1.00	0.91	1.00	0	0.89	0.92
clualt3p28463:ZNF778	1.00	0.71	1.00	0.79	1.00	0.94	0.40	0	0.62	0.82	0.80	0.74
clualt5p23625:SRRM2	0.45	0.59	0.67	0	0.61	0.40	0.27	0.38	0.20	0.27	0.22	0.57
clualt5p26942:TMEM170A	0.59	0.33	0.41	0.48	0.38	0.54	0.23	0.20	0.08	0.38	0.48	0.38
clualt5p33416:MFSD11	0.38	0.48	0.30	0.59	0.56	0.44	0.11	0.33	0.22	0.50	0.11	0.41
clualt5p93005:CDC14B	0.82	0.93	0.77	0.67	0.86	0.69	0.31	0.83	0.38	0.53	0.59	0.77
clualt5p62316:ABI3BP	0.94	0.98	0.97	0.91	1.00	0.76	0.78	0.81	0.59	0.59	0.68	0.74
clualt5p2510:MEN1	0.64	0.62	0.50	0.67	0.62	0.53	0.88	0	0.86	0.50	0.93	0.75
clualt5p46330:AFF3	0.17	0.40	0.35	0.00	0.38	0.36	0.10	0.10	0.00	0.00	0.00	0.07
clualt5p100828:CREM	0	0.52	0.73	0.53	0.53	1.00	0.25	0.42	0.50	0.33	0.00	0
clualt3p100109:ALG13	0.15	0.39	0.39	0.50	0.61	0.38	0.16	0.16	0.38	0.15	0.11	0.07
clualt5p41724:ZNF320	0.15	0.06	0.17	0.09	0.00	0.26	0.23	0.44	0.14	0.26	0.77	0.27
clualt3p68755:TAPT1	0.74	0.92	0.91	0.62	0.92	0.74	1.00	0.93	1.00	0.91	1.00	0.91
clualt5p96717:PHKA1	0.53	0.55	0.43	0.25	0.33	0	0.73	0.50	0.58	0.80	0.50	0
clualt3p74578:LVRN	0.34	0.43	0.26	0.36	0.31	0.34	0.74	0.81	0.86	0.75	0.63	0.45
clualt5p50470:AGAP1	0.22	0.29	0.38	0.33	0.35	0.17	0.34	0.47	0.60	0.59	0.35	0.42
clualt5p23658:FLYWCH1	0.12	0.16	0.09	0.33	0.26	0.18	0.00	0.22	0.00	0.00	0.00	0.00
clualt5p94986:COL5A1	0.20	0.20	0.16	0.51	0.15	0.32	0.62	0.36	0.64	0.61	0.50	0.53
clualt5p88794:RBM12B	0.37	0.35	0.12	0.17	0.13	0.64	1.00	0.50	0.71	0.50	0.58	0.30
clualt5p55928:GRK3	0.77	0.80	0.67	0.85	0.80	0.70	0.92	0.95	0.92	0.92	0.92	0.94
clualt5p80329:NAV1	0.57	0.59	0.51	0.54	0.33	0.38	0.15	0.20	0.07	0.19	0.33	0.45
clualt3p17804:PAPLN	0.73	0.70	0.87	0.67	0.71	0.76	1.00	1.00	1.00	0.90	1.00	0.90
clualt3p104634:RP11-574K11.24	0.43	0.24	0.28	0.48	0.11	0.43	0.07	0.00	0.00	0.00	0.00	0.00
clualt5p3559:STARD10	1.00	1.00	0.97	1.00	0	1.00	0.56	0.71	0.80	0.68	0.86	0.93
clualt3p58121:PISD	0.23	0.15	0.07	0.09	0.00	0.00	0.23	0.38	0.47	0.09	0.15	0.19
clualt3p107280:PHRF1	0.65	0.75	0.55	0.74	0.67	0.82	0.81	1.00	0.67	1.00	1.00	0.87
clualt5p18386:EML1	0.34	0.57	0.56	0.43	0.38	0.68	0.92	1.00	0.71	0.48	0.68	0.86
clualt3p24402:ZSCAN32	0.67	0.92	0.53	0.71	1.00	0.71	1.00	1.00	0	1.00	1.00	1.00
clualt3p33888:FAM20A	0.71	0.78	0.93	0.58	0.56	0.96	1.00	0.71	1.00	1.00	1.00	1.00
clualt3p47891:TTF2	1.00	1.00	1.00	1.00	1.00	0.85	0.67	0.75	0.89	1.00	0.86	0.70
clualt5p74234:TCERG1	0.24	0.19	0.30	0.52	0.14	0.20	0.15	0.06	0.15	0.11	0.00	0.15
clualt3p85125:STAG3L4	0.08	0.03	0.00	0.00	0.00	0.12	0.05	0.50	0.32	0.00	0.37	0.15
clualt3p89473:C8orf58	0.78	0.48	0.39	0.58	0.76	0.75	0.00	0.33	0.40	0	0.15	0.36
clualt5p104170:NSMCE4A	0.15	0.12	0.08	0.17	0.08	0.14	0.19	0.21	0.40	0.30	0.37	0.18
clualt5p4345:MRE11	0.49	0.58	0.60	0.63	0.54	0.40	0.55	0.37	0.21	0.39	0.36	0.44
clualt5p99541:TASOR2	1.00	0.94	0.95	1.00	1.00	1.00	0.80	0.64	0.72	0.95	0.64	1.00
clualt5p39539:PEPD	0.07	0.00	0.15	0.13	0.04	0.02	0.26	0.15	0.13	0.50	0.39	0.11
clualt5p52781:TOMM34	1.00	1.00	0.91	0.83	1.00	0.76	0.53	0.76	0.69	0.67	0.79	1.00
clualt3p78024:RIPOR2	0.23	0.36	0.23	0.37	0.36	0.33	0.62	0.51	0.59	0.50	0	0.32
clualt5p12505:SMAD9	0.75	0.78	0.48	0.50	0.58	0.65	0.75	0.75	1.00	0	0.85	0.88
clualt3p54760:C1orf54	0.78	0.74	0.52	0.86	0.54	0.91	0.52	0.38	0.32	0.39	0.48	0.62
clualt5p104279:EEF1AKMT2	0.87	0.76	0.55	0.73	0.88	0.54	0.57	0.52	0.52	0.60	0.36	0.52
clualt5p53827:DIDO1	0.00	0.00	0.53	0.00	0.00	0.00	0.68	0.60	0.24	0.58	0.60	0.00
clualt3p93681:AQP7	0.58	0.61	0.60	0.64	0.64	0.54	0.60	0.56	0.21	0.16	0.50	0.52
clualt3p62604:THBS3	0.35	0.18	0.11	0.12	0.43	0.35	0.18	0.00	0.06	0.00	0.18	0.19
clualt5p39832:ZNF529-AS1	0.17	0.06	0.31	0.38	0.12	0.08	0.44	0	0.50	0.71	0.15	0.33
clualt3p12995:ZDHHC20	1.00	0.75	0.80	0.70	0.72	0.79	0.69	0.71	0.55	0.78	0.29	0.56
clualt3p33684:SMURF2	0.18	0.16	0.13	0.39	0.55	0.15	0.10	0.07	0.03	0.03	0.00	0.10
clualt5p29376:MYSM1	0.00	0.05	0.11	0.00	0.05	0.19	0.41	0.06	0.33	0.08	0.31	0.12
clualt5p89257:TRPS1	0.27	0.42	0.51	0.51	0.53	0.47	0.61	0.79	0.82	0.78	0.60	0.39
clualt5p71360:SLC38A9	0.00	0.00	0.08	0.06	0.08	0.00	0.33	0.25	0.12	0.55	0.00	0.14
clualt3p83581:HDAC9	0.68	0.57	0.79	1.00	0.54	0.52	0.36	0.38	0.50	0.50	0.54	0.49
clualt5p54100:MIR99AHG	0.81	0.91	0.71	0.78	0.46	0.76	1.00	0.80	0	0.88	1.00	1.00
clualt3p17979:MACF1	0.59	0.50	0.82	0.58	0.75	0.53	0.74	0	0.73	0.83	1.00	0.71
clualt3p100031:TMEM164	0.24	0.12	0.20	0.31	0.42	0.33	0.40	0.56	0.70	0.60	0.37	0.18
clualt5p90456:KANK1	0.71	0.52	0.59	0.33	0.67	0.66	0.34	0.46	0.15	0.16	0.29	0.48
clualt3p101540:NSDHL	0.24	0.04	0.50	0.30	0.55	0.30	0.03	0.11	0.26	0.08	0.10	0.13
clualt3p40906:LSR	0	0.71	0.86	0.70	0.88	0.74	0.44	0.25	0.50	0.73	0.69	0.72
clualt5p97002:TRMT2B	0.55	0.61	0.69	0.73	0.72	0.59	0.84	0.80	0.89	0.73	0.93	0.74
clualt5p74249:DPYSL3	0.35	0.39	0.36	0.49	0.41	0.64	0.75	0.62	0.49	0.51	0.71	0.56
clualt3p15158:ACIN1	0.88	0.83	0.79	0.80	0.76	0.76	0.56	0.55	0.54	0.63	0.74	0.80
clualt5p66641:--	0.75	0.65	0.88	1.00	1.00	0.91	0.54	0	0.60	0.29	0.81	0.66
clualt3p72090:MTRR	0.55	0.56	0.53	0.49	0.46	0.42	0.61	0.77	0.46	0.76	0.56	0.78
clualt3p40550:DPY19L3	0.36	0.29	0.03	0.00	0.27	0.00	0.04	0.00	0.00	0.00	0.00	0.00
clualt5p13106:MRPS31P4	0.87	1.00	0.88	1.00	1.00	0.91	0.86	0.71	0.50	0.86	0.90	0.81
clualt5p43986:SRSF7	0.08	0.28	0.38	0.39	0.65	0.57	0.23	0.18	0.26	0.14	0.09	0.15
clualt5p93170:INVS	0.00	0.12	0.19	0.17	0.03	0.23	0.41	0.25	0.22	0.13	0.40	0.26
clualt5p76553:BTN2A1	0.26	0.16	0.22	0.24	0.13	0.34	0.21	0.38	0.78	0.64	0.60	0.57
clualt5p3988:PCF11	0.76	0.60	0.67	0.73	0.55	0.80	0.43	0.61	0.48	0.61	0.15	0.50
clualt5p94224:ZBTB43	0.60	0.88	0.68	0.52	0.48	0.71	0.94	0.81	0.93	0.80	0.71	0.91
clualt5p30691:--	0.68	0.57	0.67	0.79	0.56	0	0.83	0.62	0.84	1.00	1.00	0.80
clualt3p100355:BCORL1	0.68	0.65	0.70	0.57	0.74	0.77	0.92	0	0.85	0.94	0.90	0.94
clualt5p24112:MRTFB	0.27	0.20	0.50	0.26	0.48	0.41	0.51	0.55	0.65	0.50	0.44	0.37
clualt3p73992:ATG10	0.44	0.21	0.44	0.38	0.06	0.30	0.00	0	0.20	0.00	0.12	0.20
clualt3p41165:ZNF875	0.12	0.22	0.17	0.20	0.00	0.21	0.41	0.33	0.56	0.15	0	0.43
clualt5p15066:PRPF39	0.85	1.00	0.67	0.22	0.88	0.67	0.46	0.26	0.44	0.43	0.40	0.50
clualt5p17310:PSEN1	1.00	1.00	1.00	1.00	1.00	0.88	0.82	0	0.85	1.00	0.81	0.55
clualt3p6196:TEAD4	0.95	1.00	1.00	1.00	1.00	1.00	0.68	0.85	0.83	0.33	0.78	1.00
clualt5p55325:TPTEP1	0.67	0	0.79	0.57	0.33	0.71	0.76	1.00	1.00	0.91	0.93	0.55
clualt5p95688:RAI2	0.36	0.10	0.40	0.29	0.07	0.14	0.50	0.38	0.15	0.62	0.64	0.67
clualt3p95193:TUT7	0.00	0.42	0.19	0.50	0.55	0.58	0.16	0.17	0.17	0.09	0.00	0.05
clualt5p9851:VEZT	0.31	0.39	0.28	0.38	0.12	0.28	0.37	0.58	0.45	0.52	0.24	0.52
clualt3p71756:TENM3	0.20	0.23	0.04	0.13	0.12	0.11	0.35	0.57	0.32	0.40	0.00	0.36
clualt5p79191:MDN1	0.69	0.87	0.88	0.87	0.71	0.96	1.00	1.00	1.00	1.00	1.00	0.91
clualt3p79681:SRSF3	0.14	0.18	0.23	0.20	0.36	0.49	0.09	0.23	0.15	0.09	0.03	0.07
clualt5p5443:ARHGAP32	0.58	1.00	0.64	0.83	0.78	0.74	1.00	1.00	1.00	1.00	0.89	1.00
clualt3p40992:PROSER3	0.62	0.69	0.61	0.50	0.10	0.74	0.75	0.90	0.67	0.75	0.75	0.83
clualt5p88122:SULF1	0.21	0.17	0.29	0.30	0.25	0.29	0.61	0.69	0.33	0.38	0.23	0.37
clualt5p53066:LINC00869	0.13	0.50	0.64	0	0.40	0.04	0.07	0.07	0.12	0.18	0.00	0.17
clualt3p92398:TOP1MT	0.33	0.50	0.00	0.55	0.07	0.62	0.04	0.00	0.12	0.00	0.00	0.00
clualt5p60255:ZNF445	1.00	1.00	1.00	1.00	1.00	0.95	0.55	1.00	0	0.80	0.55	1.00
clualt3p43435:LILRB3	0.00	0.00	0.11	0.12	0.02	0	0.06	0.17	0.13	0.43	0.44	0.25
clualt5p15069:PRPF39	0.62	0.64	0.24	0	0.43	0.29	0.28	0.00	0.22	0.29	0.00	0
clualt3p75246:BRD8	0.81	0.74	0.65	0.90	0.80	0.55	0.24	0.58	0.25	0.77	0.50	0.59
clualt3p37558:ABCA7	0.91	0	0.67	0.82	0.68	0.83	1.00	1.00	1.00	0.92	0.83	1.00
clualt3p40317:LPAR2	0.55	0.65	0.67	0.56	1.00	0	1.00	0.83	1.00	0	1.00	1.00
clualt3p12880:PSPC1	0.65	0.45	0.68	0.65	0.71	0.72	0.87	0.89	0.80	0.79	0.83	0.66
clualt3p38808:ZNF559-ZNF177	0.38	0.12	0.27	0.33	0.27	0.11	0.14	0.00	0.00	0.25	0.00	0.14
clualt3p74609:LVRN	0.58	0.40	0.28	0.24	0.24	0.36	0.06	0.13	0.10	0.18	0	0.31
clualt5p28921:NAA38	0.72	0.66	0.78	0.81	0.70	0.79	0.85	0.80	0.98	0.94	0.90	0.90
clualt3p40279:NR2C2AP	0.83	0.62	0.78	1.00	0.84	1.00	0.56	0.67	0.47	0.72	0.72	0.83
clualt3p37243:RP1-283E3.8	0.29	0.30	0.51	0.25	0.35	0.48	0.66	0.30	0.57	0.50	0.62	0.74
clualt5p61865:ADAMTS9	0.45	0.74	0.58	0.60	0.75	0.52	0.90	0.82	0.86	0.77	0.67	0.88
clualt5p88120:SULF1	1.00	0.89	0.96	1.00	0.94	0.95	0.55	1.00	0.88	0.89	0.65	0.67
clualt3p106876:ATE1	0.43	0.42	0.42	0.41	0.37	0.22	0.12	0.28	0.29	0.11	0.20	0.35
clualt5p104558:PHRF1	0.60	0.74	0.68	0.67	0.55	0.82	0.90	1.00	0.78	1.00	1.00	0.82
clualt3p12922:XPO4	0.21	0.00	0.00	0.10	0.08	0.15	0.39	0.31	0.24	0.30	0.17	0.23
clualt5p64390:CCNL1	0.66	0.75	0.54	0.70	0.76	0.66	0.83	0.78	0.89	0.84	0.85	0.80
clualt5p51750:RIN2	0.25	0.22	0.40	0.22	0.52	0.20	0.75	0.68	0.47	0.80	0.42	0.41
clualt3p107730:PGAP2	1.00	0.92	0.88	1.00	1.00	0.92	1.00	0	0.43	0.50	0.88	0.75
clualt5p3628:MRPL48	0.09	0.43	0.20	0.38	0.44	0.12	0.10	0.07	0.00	0.06	0.00	0.07
clualt5p57487:MIRLET7BHG	0.23	0.21	0.12	0.15	0.38	0	0.40	0.50	0.33	0.40	0	0.48
clualt5p62302:ABI3BP	0.67	0.77	0.77	0.39	0.70	0.67	0.11	0.49	0.18	0.14	0.05	0.12
clualt3p24560:METTL22	0.29	0.47	0.15	0.42	0.12	0.34	0.10	0.00	0.00	0.00	0.00	0.00
clualt3p64424:CD200	0.38	0.44	0.26	0.31	0.33	0.42	0.14	0.05	0.12	0	0.14	0.00
clualt5p81944:GARS1-DT	0.31	0.26	0.42	0.24	0.60	0.24	0.29	0.55	0.74	0.50	0.60	0.52
clualt5p13048:DLEU2	0.24	0.39	0.43	0.43	0.47	0.29	0.38	0.12	0.21	0.14	0.09	0.11
clualt3p84656:UPP1	0.12	0.46	0.45	0.42	0.33	0.69	0.72	0.68	0.55	0.71	0.62	0.43
clualt3p3795:XRRA1	0.77	0.73	0.84	0.65	0.60	1.00	0.00	0.45	0.50	0.38	0	0.38
clualt5p4036:SYTL2	0.88	0.30	0.67	0.57	1.00	0	0	1.00	1.00	1.00	1.00	1.00
clualt5p53009:CH17-189H20.1	0.18	0.07	0.18	0.07	0.22	0.11	0.39	0.20	0.27	0.36	0.41	0.20
clualt3p6858:TAS2R14	0.69	0.64	0.52	0	0.33	0.57	0.33	0.00	0	0.20	0.33	0.57
clualt5p54556:HLCS	0.50	0.35	0.87	0.47	0.75	0.62	0.35	0.33	0.13	0.00	0.17	0.43
clualt3p67815:AC024560.3	0.40	0.43	0.60	0	0.33	0.62	0.50	0.00	0	0.25	0.11	0.00
clualt3p23580:TTC23	0.14	0.14	0.04	0.00	0.00	0.25	0.35	0.44	0.15	0.21	0.43	0.07
clualt5p46050:SEMA4C	0.35	0.14	0.36	0.50	0.38	0.50	0.20	0.07	0.21	0.45	0.14	0.00
clualt5p84328:RP11-514P8.7	1.00	1.00	0.89	1.00	0.97	1.00	1.00	0.62	0	0.75	0.88	0.85
clualt5p51496:RASSF2	0.92	0.80	0.57	0.59	0.60	0.44	0.45	0.38	0.32	0.56	0.46	0.54
clualt5p97304:SEPTIN6	0.00	0	0.24	0.60	0.20	0.38	0.00	0.00	0.00	0.00	0.00	0.07
clualt3p61660:ITGA9-AS1	0.27	0.42	0.50	0	0.29	0.57	0.50	0	0.56	0.75	1.00	0.58
clualt5p56111:ZMAT5	0.43	0.66	0.63	0.59	0.46	0.44	0.27	0	0.21	0.56	0.18	0.34
clualt3p27834:MLKL	0.67	0.39	0.13	0.40	0.52	0.44	0.14	0.33	0.07	0.25	0.00	0.25
clualt5p43233:FAM228B	0.43	0.31	0.37	0.64	0.54	0.57	0.31	0.00	0.33	0.23	0.21	0.37
clualt3p17561:MPP5	0	0.78	0.87	0.76	1.00	0.74	0.79	0.76	0.45	0.56	0.70	0.71
clualt5p54809:TARS2	0.62	0.68	0.73	0.59	0.60	0.77	0.36	0.19	0.12	0.61	0.56	0.67
clualt5p90810:UHRF2	0.31	0.32	0.21	0.33	0.50	0.39	0.05	0.26	0.08	0.16	0.33	0.25
clualt5p71961:CCDC125	0.72	0.79	0.57	0.64	0.54	0.78	0.45	0.40	0.14	0.42	0.67	0.60
clualt5p7611:ZNF641	0.87	0.72	0.87	0.78	0.81	0.81	1.00	1.00	1.00	1.00	1.00	0.83
clualt3p107910:DENND2B	1.00	0.81	0.98	1.00	0.96	1.00	0.86	0.67	0.67	0.87	1.00	0.73
clualt3p19714:TUBGCP5	0.11	0	0.36	0.46	0.09	0.23	0.09	0.14	0.00	0.00	0.00	0.13
clualt5p56803:RP1-37E16.13	1.00	0.67	0.91	0.89	0.86	0.71	1.00	1.00	0	1.00	1.00	1.00
clualt5p79259:HACE1	0.30	0.10	0.13	0.00	0	0.41	0.00	0.00	0.00	0.00	0.00	0.00
clualt5p69715:GATB	0.27	0.48	0.30	0.21	0.00	0.24	0.51	0.29	0.75	0.36	0.80	0.54
clualt3p102291:TASOR2	1.00	0.93	0.90	1.00	1.00	1.00	0.82	0.76	0.64	0.93	0.73	1.00
clualt5p37764:ZNF558	0.24	0.26	0.39	0.43	0.46	0.57	0.00	0.00	0.17	0.17	0.22	0.23
clualt3p93345:ZDHHC21	0	0.12	0.30	0.00	0.00	0.00	0.45	0	0.00	0.60	0.50	0.38
clualt3p83641:FAM126A	0.37	0.27	0.44	0.67	0.43	0.56	0.78	0.74	0.75	0.86	0.67	0.43
clualt5p16654:SAMD4A	0.29	0.35	0.49	0.40	0.42	0.58	0.61	0.67	0.55	0.40	0.64	0.60
clualt5p45244:ZNF638	0.70	0.66	0.63	0.75	0.46	0.69	0.91	0.75	0.90	0.75	0.73	0.81
clualt3p93502:FOCAD	0.91	0.86	0.94	0.80	0.71	0.76	1.00	0.91	1.00	1.00	1.00	1.00
clualt5p79242:TSTD3	0.22	0.47	0.63	0.50	0.46	0.70	1.00	1.00	0	0.89	0.76	0.79
clualt3p54759:C1orf54	0.33	0.46	0.68	0.48	0.42	0.52	0.42	0.88	0.55	0.84	0.62	0.74
clualt5p27386:GALNS	0.56	0.62	0.73	0.39	0.62	0.85	0.95	0.80	0.88	0.76	0.67	0.74
clualt3p9843:SRGAP1	0.64	0.93	0.83	0.67	0.67	0.80	1.00	0.88	0.89	1.00	1.00	0.78
clualt3p80411:ZNF451	0.34	0.20	0.26	0.37	0.14	0.19	0.36	0.37	0.52	0.29	0.64	0.36
clualt5p17522:MACF1	0.53	0.64	0.90	0.69	0.73	0.67	0.81	1.00	0.79	0.83	1.00	0.80
clucontain18652:RNPS1	0.26	0.28	0.20	0.22	0.38	0.46	0.16	0.15	0.14	0.14	0.12	0.13
clualt5p47393:RP11-107E5.5	0.52	0.61	0.75	0.57	0.63	0.62	0.69	0.78	0.70	0.84	0.95	0.82
clualt3p29971:TMEM107	0.00	0.11	0.08	0.00	0.15	0.00	0.18	0.25	0	0.00	0.30	0.33
clualt5p3313:RP11-554A11.11	0.88	0.65	0.56	0.84	0.77	0.88	0.33	0.81	0	0.42	0.67	0.39
clualt5p16959:ZBTB25	0.00	0.15	0.36	0.14	0.05	0.16	0	0.25	0.69	0.46	0.30	0.41
clualt3p33843:--	0.00	0.21	0.17	0.00	0.00	0.15	0.35	0.12	0.42	0.23	0.16	0.40
clualt3p106062:PPRC1	0.65	0.90	0.57	0.89	0.87	0.59	0.96	0.97	0.99	0.93	0.87	0.90
clualt3p97660:COL5A1	0.87	0.77	0.89	0.56	0.91	0.72	0.48	0.79	0.49	0.40	0.54	0.67
clualt3p100500:FGF13	0.62	0.37	0.79	0.41	0.63	0.72	0.93	0.67	0.75	0.96	0.83	0.85
clualt5p51632:TASP1	0	0.00	0.00	0.09	0.00	0.00	0.36	0.19	0.15	0.30	0.09	0.00
clualt3p93049:--	1.00	1.00	0.36	0.60	0.53	0.33	0.36	0.26	0.00	0.43	0.19	0.31
clualt5p90811:UHRF2	0.42	0.36	0.77	0.79	0.39	0.74	0.32	0.26	0.37	0.36	0.13	0.18
clualt3p1080:TMEM132A	0.15	0.38	0.32	0.17	0.22	0.33	0.50	0.83	0.14	0.57	0.57	0.40
clualt3p3089:PELI3	0.69	0.71	0.58	0.77	0.78	0.61	0.45	0.27	0	0.56	0.71	0.59
clualt3p36387:FHOD3	0.00	0.09	0.00	0.21	0.00	0.22	0.41	0.53	0.37	0.07	0.22	0.45
clualt3p85497:STYXL1	0.34	0.28	0.11	0.19	0.39	0.20	0.24	0.72	0.44	0.53	0.39	0.34
clualt5p70634:TRIO	0.44	0.39	0.59	0.24	0.11	0.36	0.13	0.07	0.09	0.21	0.10	0.15
clualt5p20456:USP8	0.58	0.40	0.69	0.48	0.36	0.40	0.27	0.44	0.34	0.47	0.24	0.23
